Designator,Footprint,Quantity,Value,LCSC Part #
A1,RP2040-Zero,1,RP2040-Zero,
"C1, C10, C11, C12, C13, C14, C15, C16, C17, C18, C19, C2, C20, C21, C22, C23, C24, C25, C26, C27, C3, C4, C5, C6, C7, C8, C9",0805,27,C_Generic,
"H1, H2, H3, H4, H5, H6, H7",MountingHole_6.4mm_M6,7,MountingHole,
J1,USB_A_CONNFLY_DS1095-WNR0,1,USB_A,
"LED1, LED10, LED11, LED12, LED13, LED14, LED15, LED16, LED17, LED18, LED19, LED2, LED20, LED21, LED22, LED23, LED24, LED25, LED26, LED3, LED4, LED5, LED6, LED7, LED8, LED9",LED_WS2812_2020,26,WS2812_2020,
R1,0805,1,470Ohm,
R2,0805,1,150kOhm,
"SW1, SW2, SW3, SW5, SW6",SW_PUSH_6mm_H5mm,5,SW_Push,
"SW10, SW11, SW12, SW13, SW14, SW15, SW16, SW17, SW18, SW4, SW7, SW8, SW9",Kailh_socket_MX_optional,13,SW_Push,
U1,SOT-23-5,1,SN74LV1T34DBV,
